"conversation_id_str","created_at","favorite_count","full_text","id_str","image_url","in_reply_to_screen_name","lang","location","quote_count","reply_count","retweet_count","tweet_url","user_id_str","username"
"1980048999261622392","Sun Oct 19 23:10:43 +0000 2025","0","Minggu 19 Oktober 2025 | 15.59 WIB SIAP 112 Kota Mojokerto menerima laporan kabel wifi yang menjuntai di Jl. Prajurit Kulon. Hal ini beresiko membahayakan pengguna jalan. Kabel telah diperbaiki oleh petugas provider wifi Biznet Kota Mojokerto. #SIAP112KotaMojokerto https://t.co/iJOZUZYmwV","1980048999261622392","https://pbs.twimg.com/media/G3qL3MZW0AA9Fnz.jpg","","in","","0","0","0","https://x.com/undefined/status/1980048999261622392","1613806371031646208",
"1979898346488963523","Sun Oct 19 22:41:58 +0000 2025","0","@udonIembek pake apa skrg? biznet?","1980041764263399656","","udonIembek","in","","0","1","0","https://x.com/undefined/status/1980041764263399656","1306590586623811585",
"1975964158538776636","Sun Oct 19 21:39:54 +0000 2025","0","@BiznetHome @Rasyidiilham_ Saya Transfer butuh 3 detik ke kalian Biznet..... kalian refund butuh 2 bulan pula kata kantor kalian... Yang bener ja lu @BiznetHome","1980026142460641348","","BiznetHome","in","","0","0","0","https://x.com/undefined/status/1980026142460641348","2882253949",
"1979985524518707270","Sun Oct 19 18:58:30 +0000 2025","0","biznet bojong kenapa si anjing babi udah 30 menit lebih gabisa akses no internet mulu kontol gajelas","1979985524518707270","","","in","","0","0","0","https://x.com/undefined/status/1979985524518707270","1220601915706232832",
"1979937365679554563","Sun Oct 19 15:47:08 +0000 2025","6","Melihat history di DM X dalam sebulan Biznet itu bisa mati sampai 3 kali. Sekali mati bisa seharian banget. Weekend ini aja udah 24 jam. Ada internet yang lebih OK dari @BiznetHome kah?","1979937365679554563","","","in","","1","9","4","https://x.com/undefined/status/1979937365679554563","237530329",
"1979693682724110399","Sun Oct 19 15:30:40 +0000 2025","0","@urcupofcoffee_ Udah ada itu kak dari ka monic kalau mau setara keknya biznet deh kak tp dia tuh start 300","1979933224571646190","","urcupofcoffee_","in","","0","1","0","https://x.com/undefined/status/1979933224571646190","1643720238738055168",
"1979927551867748557","Sun Oct 19 15:08:08 +0000 2025","0","entah icloud gw yg error atau biznet dirumah yg lagi jelek sinyalnya ini semua poto di galery kualitasnya gk optimize . Tolong kalian berdua kerjasamanya yaa I expect tomorrow udah pada bener ","1979927551867748557","","","in","","0","0","0","https://x.com/undefined/status/1979927551867748557","1668623909875515393",
"1979886780372652441","Sun Oct 19 12:26:07 +0000 2025","0","@infomalang info yg punya brosur provider wifi buat daerah balearjosari terutama yg biznet cbn myrepublic oxygen","1979886780372652441","","infomalang","in","","0","0","0","https://x.com/undefined/status/1979886780372652441","993429668681273347",
"1979886230700728476","Sun Oct 19 12:23:56 +0000 2025","0","@Malangraya_info info yg punya brosur provider wifi buat daerah balearjosari terutama yg biznet cbn myrepublic oxygen","1979886230700728476","","Malangraya_info","in","","0","0","0","https://x.com/undefined/status/1979886230700728476","993429668681273347",
"1979865202352173528","Sun Oct 19 12:21:22 +0000 2025","0","@cizkeiki Biznet nya","1979885583116935453","","cizkeiki","tl","","0","0","0","https://x.com/undefined/status/1979885583116935453","2192120497",
"1979865202352173528","Sun Oct 19 12:04:15 +0000 2025","0","@stfuvw Biznet","1979881274987941980","","stfuvw","hu","","0","0","0","https://x.com/undefined/status/1979881274987941980","3268223486",
"1979865202352173528","Sun Oct 19 11:09:51 +0000 2025","0","@stfuvw biznet","1979867585618550944","","stfuvw","hu","","0","1","0","https://x.com/undefined/status/1979867585618550944","41328101",
"1979842074880217573","Sun Oct 19 09:28:28 +0000 2025","0","kocak ngapain aja biznet @BiznetHome https://t.co/KidCh1Q33C","1979842074880217573","https://pbs.twimg.com/media/G3nP3i4X0AAOTbH.jpg","","in","","0","2","0","https://x.com/undefined/status/1979842074880217573","1046435046679150592",
"1979820953397026862","Sun Oct 19 08:04:33 +0000 2025","0","Ready 1 kamar kos cowo. Ac kmd luar 890rb aja. Strategis bgt di mulawarman raya. Internet free unlimited pake biznet. Minat chat aja : https://t.co/TPf14VGs2I","1979820953397026862","","","in","","0","0","0","https://x.com/undefined/status/1979820953397026862","1669496380514263041",
"1979811977536098587","Sun Oct 19 07:28:53 +0000 2025","0","@BiznetHome biznet ini dalam 1 bulan udah 3 kali mati internet nya ga ada hal apa apa kok mati terus bayar selalu tepat waktu kok gini terus sih?","1979811977536098587","","BiznetHome","in","","0","1","0","https://x.com/undefined/status/1979811977536098587","1308019452902998018",
"1979798362296840692","Sun Oct 19 07:14:18 +0000 2025","0","funfact tahun ini salah satu pembeli terbesar mereka MyRep dan Biznet. semoga dengan MyRep menang tender bisa nambah orderan ke CCSI https://t.co/YmIhMHsvOk","1979808308132540639","https://pbs.twimg.com/media/G3mxAFOXwAAKTsG.jpg","wizardbonboi","in","","0","1","0","https://x.com/undefined/status/1979808308132540639","77505091",
"1979798362296840692","Sun Oct 19 07:12:12 +0000 2025","0","dengan 4 anak usaha baru diharapkan omset CCSI membaik ditambah adanya ekspansi dari MyRep INET DATA semoga CCSI juga kelimpahan order kabel fiber optiknya dari mereka. pada 2021 2022 CCSI dpt kontrak penjualan yang lumayan signifikan dari Biznet yang lagi ekspansi. https://t.co/aUzrB6QEWz","1979807778102497307","https://pbs.twimg.com/media/G3mv-yOXsAAeyw8.png","wizardbonboi","in","","0","1","0","https://x.com/undefined/status/1979807778102497307","77505091",
"1979785078528999500","Sun Oct 19 05:42:00 +0000 2025","0","Performance VPS Biznet Gio Plan Neo Lite Pro very fast https://t.co/MetX5Z7Z7x","1979785078528999500","https://pbs.twimg.com/media/G3mcCOMXQAAvR91.jpg","","en","","0","0","0","https://x.com/undefined/status/1979785078528999500","1330546824445382657",
"1979741812072820895","Sun Oct 19 05:11:30 +0000 2025","0","@assertndayy @lampungbase Biznet dong ","1979777403598897642","","assertndayy","en","","0","0","0","https://x.com/undefined/status/1979777403598897642","1906974705678221312",
"1979770773536432420","Sun Oct 19 05:08:01 +0000 2025","0","@tanyarlfes aku pake biznet 250k perbulan","1979776527060586811","","tanyarlfes","in","","0","0","0","https://x.com/undefined/status/1979776527060586811","711511358378872832",
"1979762999524266484","Sun Oct 19 04:14:15 +0000 2025","0","Curiga pake biznet juga ini https://t.co/sT8kxSdHJE","1979762999524266484","https://pbs.twimg.com/media/G3mH88FWQAAouGw.jpg","","in","","0","0","0","https://x.com/undefined/status/1979762999524266484","1640943140680134657",
"1979741812072820895","Sun Oct 19 03:09:48 +0000 2025","0","@lampungbase Kebutuhannya apa ampe biznet aja di bilang jelek? Streaming kah?","1979746779932610991","","lampungbase","in","","0","1","0","https://x.com/undefined/status/1979746779932610991","162950280",
"1979741812072820895","Sun Oct 19 02:50:04 +0000 2025","10","geh! sumpah gw cape bgt sama wifi udah pake biznet jelek myrep makin jelek ajg apasi yg bagus bjir ni bulan depan mo ganti better indihome or xl breeee?","1979741812072820895","","","in","","0","14","0","https://x.com/undefined/status/1979741812072820895","976734429392470016",
"1979137798478209311","Sun Oct 19 01:59:56 +0000 2025","0","@Mirsadsolana $25 grand would be enough to start up biznet ","1979729195275309083","","Mirsadsolana","en","","0","0","0","https://x.com/undefined/status/1979729195275309083","88624393",
"1979728401314529402","Sun Oct 19 01:56:47 +0000 2025","0","biznet goblo dh mw sehari ni wifi ga dibenerin","1979728401314529402","","","in","","0","0","0","https://x.com/undefined/status/1979728401314529402","772992232219611136",
"1979665702023041126","Sat Oct 18 21:47:38 +0000 2025","1","Biznet ni kalau gangguan suka lama dah. Aya aya wae lah.","1979665702023041126","","","in","","0","1","0","https://x.com/undefined/status/1979665702023041126","1185208902880653313",
"1979364807980753177","Sat Oct 18 21:04:14 +0000 2025","0","@zero_absolutee @SoloMenfess coba bandingin ini Kak : Biznet HiFi MyRep","1979654780143419732","","zero_absolutee","tl","","0","0","0","https://x.com/undefined/status/1979654780143419732","1369683900977442818",
"1979585083096117345","Sat Oct 18 16:27:17 +0000 2025","0","@BiznetHome lagi ada gangguan kah? Internet lambat bgt.. Coba kontak lewat dashboard biznet pada sibuk digital agent Carenya","1979585083096117345","","BiznetHome","in","","0","1","0","https://x.com/undefined/status/1979585083096117345","577973139",
"1979570505586999577","Sat Oct 18 15:29:21 +0000 2025","1","Biznet oh biznet kenapa engkau error. @BiznetHome","1979570505586999577","","","in","","1","1","0","https://x.com/undefined/status/1979570505586999577","1185208902880653313",
"1979556377610834248","Sat Oct 18 15:21:27 +0000 2025","0","@afrkml HD/Jernih. Hp flagship inet biznet.","1979568516706763073","","afrkml","und","","0","0","0","https://x.com/undefined/status/1979568516706763073","224725012",
"1979567263054508308","Sat Oct 18 15:16:28 +0000 2025","1","biznet kntl dc mulu","1979567263054508308","","","in","","0","0","0","https://x.com/undefined/status/1979567263054508308","1886316968",
"1979561133527937486","Sat Oct 18 14:52:07 +0000 2025","0","EH BIZNET AMPUN DAH YA ALLAH INTERNET LU BAPUK BENER @BiznetHome","1979561133527937486","","","in","","0","1","1","https://x.com/undefined/status/1979561133527937486","1187755414445838336",
"1979546296081097049","Sat Oct 18 13:53:09 +0000 2025","1","Indihome packet loss mulu anjg udh 3 hari gua ganti jg ke biznet nih","1979546296081097049","","","in","","0","5","0","https://x.com/undefined/status/1979546296081097049","1004000987491651586",
"1979545189636276429","Sat Oct 18 13:48:46 +0000 2025","1","biznet lagi kenapa si akhir akhir ini jelek bgt jaringannya","1979545189636276429","","","in","","0","1","0","https://x.com/undefined/status/1979545189636276429","4151228655",
"1979520899184537717","Sat Oct 18 12:12:14 +0000 2025","0","ISTG if My Republic lebih dari seminggu gangguan di area ini I'll switch to Biznet","1979520899184537717","","","in","","0","0","0","https://x.com/undefined/status/1979520899184537717","912972944460017664",
"1979508602936410370","Sat Oct 18 11:54:30 +0000 2025","0","@fachry_prayoga masih kalo yg free cuman bisa dipake 60 menit seminggu. tapi biasanya kalo ada yg pake netcut ispnya biasanya suka negur (biznet biasanya yg suka negur)","1979516437082542318","","fachry_prayoga","in","","0","1","0","https://x.com/undefined/status/1979516437082542318","745184784",
"1979364807980753177","Sat Oct 18 08:04:48 +0000 2025","0","@SoloMenfess Aku dulu downgrade buat ngilangin fitur yg gak dipake lewat dm twitternya indihome. Nanti disuruh isi data trus diproses. Aku jg lg nyari² provider lain yg lebih terjangkau &amp; bagus ini heu... Apa biznet ya?","1979458631042240948","","SoloMenfess","in","","0","2","0","https://x.com/undefined/status/1979458631042240948","1329810110646951936",
"1979424054202581468","Sat Oct 18 05:50:59 +0000 2025","1","@gateawaykiss Untuk paket WiFi di Tambun Utara di bawah 300rb/bln: - IndiHome: 20Mbps Rp190rb (promo) 50Mbps Rp240rb. - MyRepublic: 30Mbps Rp235rb 50Mbps Rp250rb. - Biznet: Paket dasar mulai ~Rp300rb cek promo untuk diskon. Pastikan cek ketersediaan di situs resmi atau hubungi provider","1979424952370762241","","gateawaykiss","in","","0","0","0","https://x.com/undefined/status/1979424952370762241","1720665183188922368",
"1979424054202581468","Sat Oct 18 05:48:03 +0000 2025","0","@gateawaykiss Untuk WiFi bagus di Tambun Utara Bekasi rekomendasi berdasarkan review dan coverage: - IndiHome: Stabil luas jangkauan paket mulai Rp200rb/bln (fiber optic). - Biznet: Cepat (sampai 100Mbps+) unlimited cocok streaming. - MyRepublic: Murah unlimited 100% fiber. Cek","1979424215658041644","","gateawaykiss","in","","0","1","0","https://x.com/undefined/status/1979424215658041644","1720665183188922368",
"1979394014836330853","Sat Oct 18 03:48:03 +0000 2025","0","wifi model opo iki sumpah BIZNET YA ALLAH","1979394014836330853","","","in","","0","1","0","https://x.com/undefined/status/1979394014836330853","1021994562",
"1979387407268220931","Sat Oct 18 03:21:47 +0000 2025","0","Hari2 biznet down mulu @BiznetHome","1979387407268220931","","","in","","0","1","0","https://x.com/undefined/status/1979387407268220931","85020946",
"1979384867977859193","Sat Oct 18 03:11:42 +0000 2025","1","ini biznet kenapa lagi anjing HARUS BANGET GANGGUAN PAS WEEKEND?","1979384867977859193","","","in","","0","2","0","https://x.com/undefined/status/1979384867977859193","1075427782602018817",
"1979368906855977128","Sat Oct 18 02:08:16 +0000 2025","3","Biznet lu ada2 aja sabtu pagi malah mati @BiznetHome","1979368906855977128","","","in","","0","1","0","https://x.com/undefined/status/1979368906855977128","209086508",
"1979217378715341131","Fri Oct 17 16:06:09 +0000 2025","3","Biznet mati lagi ya belum ada seminggu mati hampir 10 jam ini mati lagi @BiznetHome","1979217378715341131","","","in","","0","1","0","https://x.com/undefined/status/1979217378715341131","132476560",
"1979209217258197087","Fri Oct 17 15:39:30 +0000 2025","0","@Telkomsel 30 menitan lalu ikh aku lagi main mobile legend lohhh untung ttp menang krn pake wifi dari biznet. i love biznet","1979210672392278240","","Telkomsel","in","","0","0","0","https://x.com/undefined/status/1979210672392278240","263657365",
"1979197589590245610","Fri Oct 17 14:47:31 +0000 2025","0","tolong dm di respon om biznet @BiznetHome","1979197589590245610","","","tl","","0","1","0","https://x.com/undefined/status/1979197589590245610","1784279547342626818",
"1979192050001002890","Fri Oct 17 14:25:30 +0000 2025","0","biznet anjink","1979192050001002890","","","hu","","0","0","0","https://x.com/undefined/status/1979192050001002890","708530048",
"1978825478350807444","Fri Oct 17 14:02:57 +0000 2025","0","@KucengTerbanggg NGELAG BIZNET GOBLOG KNTL","1979186372859560433","","KucengTerbanggg","tl","","0","0","0","https://x.com/undefined/status/1979186372859560433","1120050477750611969",
"1979182808552591723","Fri Oct 17 13:48:47 +0000 2025","0","biznet aduhh jgn lag plzz gue lg ngejar DL","1979182808552591723","","","in","","0","0","0","https://x.com/undefined/status/1979182808552591723","1437353553534750721",
"1979138781585510580","Fri Oct 17 10:53:50 +0000 2025","0","biznet error lg nih?","1979138781585510580","","","in","","0","0","0","https://x.com/undefined/status/1979138781585510580","1784279547342626818",
"1978715071795663129","Fri Oct 17 09:32:37 +0000 2025","0","@tanyakanrl aku @biznet","1979118340321731016","","tanyakanrl","und","","0","0","0","https://x.com/undefined/status/1979118340321731016","1847863057349038081",
"1979083399752224963","Fri Oct 17 07:18:04 +0000 2025","0","@mownohoes biznet coba mok","1979084480372707568","","mownohoes","hu","","0","0","0","https://x.com/undefined/status/1979084480372707568","1468161278027841540",
"1979033966133883160","Fri Oct 17 06:29:03 +0000 2025","2","@Tobias744 @NouraFayruz Kabel PLN relatif tertib yg bikin semrawut kabel provider yg nebeng tiang listrik Ada Indihome Biznet Jujung MyRepublic &amp; banyak lagi ","1979072145922662576","","Tobias744","in","","0","2","0","https://x.com/undefined/status/1979072145922662576","108235896",
"1979066139360567576","Fri Oct 17 06:05:11 +0000 2025","0","wifi biznet bagus gak si mau ganti dari hifi","1979066139360567576","","","in","","0","0","0","https://x.com/undefined/status/1979066139360567576","1260046811927986176",
"1979057818557685760","Fri Oct 17 05:40:14 +0000 2025","0","@0xSakiko Aku nyaranin teman ku jga biznet mas @mekaruKun Kek gitu itu berarti kayake bandwidth nya mepet mas jadi apa lagi kalau jam krodit kek jam-jam 6 mahgrib sampai jam-jam 9 malam. Soalnya pasti jam-jam segitu orang-orang pada istirahat main sosmed mas.","1979059858608369758","","0xSakiko","in","","0","1","0","https://x.com/undefined/status/1979059858608369758","1554552291969355776",
"1979057818557685760","Fri Oct 17 05:37:42 +0000 2025","0","@dkmbjrs19 Malahan enak sih kalau kek gini stabil. Anjir gw langganan wifi di kost gw gk ada yang bener Up to tapi bandwidth minimum gk nutup sama sekali. Next mau ganti biznet ae dah","1979059221996962189","","dkmbjrs19","in","","0","1","0","https://x.com/undefined/status/1979059221996962189","1720305336421326848",
"1979052986925035996","Fri Oct 17 05:25:38 +0000 2025","0","@idrinkbooba mending nambah dikit dah buat biznet","1979056185673146381","","idrinkbooba","in","","0","0","0","https://x.com/undefined/status/1979056185673146381","1720305336421326848",
"1979003756445360144","Fri Oct 17 02:11:56 +0000 2025","0","@thonadoly Biznet di kntor kah wkwkwkw","1979007438268297413","","thonadoly","in","","0","1","0","https://x.com/undefined/status/1979007438268297413","1309153765912539136",
"1978715071795663129","Thu Oct 16 19:53:47 +0000 2025","9","@tanyakanrl Pernah pake indihome ampas bgt. Waktu itu ditawarin tetangga. Sebulan 350k 25mbps. Sering mati mati sendiri. Sekarang pake biznet. 2jt 15 bulan. Jarang trouble kalo ada maintenance pasti di email. Walaupun 25mbps lebih kenceng dari indihomo.","1978912277291040818","","tanyakanrl","in","","0","0","0","https://x.com/undefined/status/1978912277291040818","1081137910399655936",
"1978835667875459372","Thu Oct 16 14:49:22 +0000 2025","0","@BiznetHome halo selamat malam Biznet. Boleh tolong cek DM saya ada komplain ini tiba2 internet no connection saya sedang ada deadline mohon segera respon terima kasih","1978835667875459372","","BiznetHome","in","","0","1","0","https://x.com/undefined/status/1978835667875459372","243022178",
"1975925433045590386","Thu Oct 16 14:17:59 +0000 2025","0","@tanyakanrl fyi kelebihan biznet ini tuhh mereka punya tiang kabel tersendiri. jadi mereka itu gak barengan dengan tiang listrik milik PLN &amp; Telkom soalnya kalo yang lainnya kan masih numpang di tiang listrik milik PLN atau Telkom jadi kabel2 nya pada semrawutan.","1978827769732534517","","aksarabetakata","in","","0","0","0","https://x.com/undefined/status/1978827769732534517","1781852729218134016",
"1978765551221522684","Thu Oct 16 14:17:35 +0000 2025","0","@Rnikyuu9623 fyi kelebihan biznet ini tuhh mereka punya tiang kabel tersendiri. jadi mereka itu gak barengan dengan tiang listrik milik PLN &amp; Telkom soalnya kalo yang lainnya kan masih numpang di tiang listrik milik PLN atau Telkom jadi kabel2 nya pada semrawutan.","1978827669786550713","","Rnikyuu9623","in","","0","0","0","https://x.com/undefined/status/1978827669786550713","1781852729218134016",
"1978765551221522684","Thu Oct 16 14:11:42 +0000 2025","0","@Rnikyuu9623 aku lupa 4 thn lalu kena brp totalnya soalnya aku PSB (pasang baru)-nya pas lagi ada event promo merdeka (17 agt 2021) gitu + pas banget jaringan biznet udh mengcover area domisiliku jd nya langsung gass aja. in paralel coba dm aja ke @BiznetHome kak bisa tanya2 dulu aja.","1978826185330065577","","Rnikyuu9623","in","","0","1","0","https://x.com/undefined/status/1978826185330065577","1781852729218134016",
"1978715071795663129","Thu Oct 16 13:56:56 +0000 2025","0","@tanyakanrl Aku pake biznet bulanannya 195k dptnya 65mbps murah bgttt","1978822469155750376","","tanyakanrl","in","","0","0","0","https://x.com/undefined/status/1978822469155750376","629221501",
"1978715071795663129","Thu Oct 16 13:41:05 +0000 2025","0","@persphonys @tanyakanrl Sebutin nama paket wifi biznet nya dong ka biar harganya dpt segituan","1978818482461344014","","persphonys","in","","0","1","0","https://x.com/undefined/status/1978818482461344014","1522577535103422464",
"1978715071795663129","Thu Oct 16 13:09:18 +0000 2025","0","@tanyakanrl biznet nder 270an include biaya admin","1978810482069741989","","tanyakanrl","tr","","0","0","0","https://x.com/undefined/status/1978810482069741989","914444167639482368",
"1978715071795663129","Thu Oct 16 12:52:55 +0000 2025","0","@tanyakanrl Pake Biznet speed 200Mbps perbulannya 470rb. Pake FUB 4000GB","1978806361988170177","","tanyakanrl","in","","0","0","0","https://x.com/undefined/status/1978806361988170177","1057877409179983872",
"1978765551221522684","Thu Oct 16 12:45:21 +0000 2025","0","@Rnikyuu9623 pake biznet paket 1D udh 4 taun per bulan bayar 471ribuan. Agustus kmrn downgrade ke paket 0D. Alhamdulillah aman lancar jaya tetep kenceng puoll kalo pun ada maintenance biasanya suka ada pemberitahuan by email. tp selama 4 taun-an gue langganan cuma 3 kali maintenance-nya. https://t.co/zVrRtgNKCR","1978804457183019351","https://pbs.twimg.com/media/G3YgKgjbMAAiBvg.jpg","Rnikyuu9623","in","","0","1","1","https://x.com/undefined/status/1978804457183019351","1781852729218134016",
"1978715071795663129","Thu Oct 16 12:40:29 +0000 2025","0","@tanyakanrl Biznet 17 bulan speed 65 Mbps https://t.co/aQHkCFwtdB","1978803233784234039","https://pbs.twimg.com/media/G3YfDN9bkAA68O8.jpg","tanyakanrl","in","","0","0","0","https://x.com/undefined/status/1978803233784234039","609023977",
"1978715071795663129","Thu Oct 16 11:47:59 +0000 2025","0","@tanyakanrl Indihome 170/bln +PPN pemakaian rumah tv cctv hp sama Biznet 150/BLN bayar tahunan pemakaian keperluan toko.","1978790021277905088","","tanyakanrl","in","","0","1","0","https://x.com/undefined/status/1978790021277905088","1440942607119654913",
"1978696325077090508","Thu Oct 16 10:25:19 +0000 2025","2","@honey_sweetea bagus sewaktu di jogja sy yang pegang admin wifi kost pakainya biznet.","1978769215445172481","","honey_sweetea","in","","0","0","0","https://x.com/undefined/status/1978769215445172481","2654465489",
"1978715071795663129","Thu Oct 16 09:52:11 +0000 2025","0","@tanyakanrl Aku tdnya pake si merah 299ribu untuk 30 mbps.. gak lagi karena suka gangguan terus.. selagi pindah rumah aku pasang biznet 65 mbps harga 250ribu terus lagi promo 2+1 nder","1978760879580549157","","tanyakanrl","in","","0","1","0","https://x.com/undefined/status/1978760879580549157","1481820934973816832",
"1978715071795663129","Thu Oct 16 09:21:40 +0000 2025","0","@senggolnet @sheshersslf @tanyakanrl ada kok isp dr mreka yg trdftar resmi cuma scra realitas prakteknya memang udah oplosan ambil dr bandwith internet indihome biznet dll","1978753199986078100","","senggolnet","in","","0","0","0","https://x.com/undefined/status/1978753199986078100","2910801895",
"1978715071795663129","Thu Oct 16 09:16:44 +0000 2025","0","@tanyakanrl Wifi pararel nderr.. sebulan start 100k-300k sekarang banyak kyaknya malah ada pemasangan gratis lagi.. pararel itu kek orng pake wifi indi/biznet terus disambungin pake router lagi.. + nya kaga ada batasan ini aja 1 hp penggunaan 100gb lebih dlm sebulan masih amn","1978751955137675308","","tanyakanrl","in","","0","1","0","https://x.com/undefined/status/1978751955137675308","1894845957562605568",
"1978715071795663129","Thu Oct 16 09:14:56 +0000 2025","22","@tanyakanrl pke internet lokal di komunitas namanya internet rt rw net. rata2 ngasih FUP unli hrga 100K bandwith/kcepatan biasanya under 1MBps tpi di kota besar ada yg ngasih lebih murah dprd internet kek indihome biznet dll mreka biasanya promosi di grup fb kabupaten.","1978751501712441352","","tanyakanrl","in","","0","2","0","https://x.com/undefined/status/1978751501712441352","2910801895",
"1978715071795663129","Thu Oct 16 08:57:11 +0000 2025","0","@tanyakanrl Nih nder gue share beberapa wifi dari circle gue Indihome 300 ribu. 400gb++ CBN 200 ribuan (masih promo). ??gb Biznet 200 ribuan. 300gb++ MyRepublic 250ribu ??gb","1978747035181297672","","tanyakanrl","in","","0","0","0","https://x.com/undefined/status/1978747035181297672","1477636331824025601",
"1978715071795663129","Thu Oct 16 08:51:56 +0000 2025","1","@mrssunshine799 @tanyakanrl Biznet/Myrep ajh","1978745713665192043","","mrssunshine799","tr","","0","0","0","https://x.com/undefined/status/1978745713665192043","1272465730051534848",
"1978715071795663129","Thu Oct 16 08:45:15 +0000 2025","0","@tanyakanrl pakee biznet nderr after salesnya bagus kecepatan oke banyak promo","1978744034425229712","","tanyakanrl","in","","0","2","0","https://x.com/undefined/status/1978744034425229712","1538927455",
"1978715071795663129","Thu Oct 16 08:34:10 +0000 2025","0","@tanyakanrl Biznet atau myrepublic. Ambil biznet paket 3+1 atau myrepublic 5+1. Udah paling murah 2 provider itu speed nya 1:1 juga","1978741242251956511","","tanyakanrl","in","","0","1","0","https://x.com/undefined/status/1978741242251956511","138964380",
"1978715071795663129","Thu Oct 16 07:17:52 +0000 2025","0","@tanyakanrl Biznet 65mbps cuman 250k. Bisa 5G lagi","1978722044339798338","","tanyakanrl","in","","0","0","0","https://x.com/undefined/status/1978722044339798338","1804757030915432448",
"1978711451696034125","Thu Oct 16 06:38:55 +0000 2025","3"," Mbak maaf ternyata biznet minta full data dengan nomer telfon pendaftaran Disaat pendaftar udah 400 lebih gue harus masukin lagi satu satu dan scroll chat pembelian. Si kocak. Mbak podium sama COT ditanya berapa itu gimana ya? KATA GUE SEMUA GAJI LO KE GUA SINI","1978712241789923583","","suamrembulan13","in","","0","1","0","https://x.com/undefined/status/1978712241789923583","1908489825784885248",
"1978663415783489759","Thu Oct 16 03:24:54 +0000 2025","0","Ready 1 kamar kos cowo. Ac kmd luar 890rb aja. Strategis bgt di mulawarman raya. Internet free unlimited pake biznet. Minat chat aja : https://t.co/TPf14VFUda","1978663415783489759","","","in","","0","0","0","https://x.com/undefined/status/1978663415783489759","1669496380514263041",
"1978442146874085650","Thu Oct 16 02:10:14 +0000 2025","0","@adusasajatwit biznet","1978644623510945910","","adusasajatwit","hu","","0","1","0","https://x.com/undefined/status/1978644623510945910","2432691225",
"1978453949800726535","Thu Oct 16 01:37:44 +0000 2025","0","@secondhunterr saranin pake biznet","1978636446933389724","","secondhunterr","tl","","0","0","0","https://x.com/undefined/status/1978636446933389724","1480063160472141825",
"1978613378320105870","Thu Oct 16 00:06:04 +0000 2025","0","Dirumah pake Indihome di kantor pake biznet Sama sama ga bisa play ytube ‍","1978613378320105870","","","tl","","0","2","0","https://x.com/undefined/status/1978613378320105870","97197603",
"1978604646647411161","Wed Oct 15 23:31:23 +0000 2025","0","biznet kadang speednya kesetanan tapi kadang juga ping tiba2 spike https://t.co/v0CmzXfmIi","1978604646647411161","https://pbs.twimg.com/media/G3VqL51aQAAk4St.png","","in","","0","1","0","https://x.com/undefined/status/1978604646647411161","1473912558897680391",
"1978598222739190181","Wed Oct 15 23:05:51 +0000 2025","0","@IndiHomeCare bapuk banget sinyalnyaaaa mau ganti biznet ajalah. Coba jelaskan kenapa udah berhari-hari dan teknisi datang tp masih bapukkkk juga internetnyaaaa","1978598222739190181","","IndiHomeCare","in","","0","1","0","https://x.com/undefined/status/1978598222739190181","1873912828073304068",
"1978086512576102575","Wed Oct 15 21:54:38 +0000 2025","1","@ailurophile_na Aku aman sih gak sampe gameplay gituu mood mood an biznet","1978580300515905926","","ailurophile_na","in","","0","0","0","https://x.com/undefined/status/1978580300515905926","1904749197271928832",
"1978508610935431268","Wed Oct 15 17:09:46 +0000 2025","0","Biznet ada problem apa ini ?","1978508610935431268","","","ht","","0","0","0","https://x.com/undefined/status/1978508610935431268","73640774",
"1978501754867106138","Wed Oct 15 16:42:31 +0000 2025","0","BIZNET JEMBOT","1978501754867106138","","","hu","","0","0","0","https://x.com/undefined/status/1978501754867106138","533185643",
"1978479782632550584","Wed Oct 15 15:15:13 +0000 2025","2","Ujan + angin sinyalnya biznet jadi ilang ilangan mulu Tp gapapa aku suka hujan jadi dingiiiiiin ","1978479782632550584","","","in","","0","0","0","https://x.com/undefined/status/1978479782632550584","1251281959625437185",
"1978299918860136875","Wed Oct 15 14:33:03 +0000 2025","0","@shutdddown biznet gan minesnya pas jam kerja kadang down","1978469172914074060","","shutdddown","in","","0","0","0","https://x.com/undefined/status/1978469172914074060","1131179593757421569",
"1978457564091154601","Wed Oct 15 13:46:55 +0000 2025","0","biznet lg gangguan apa yaa hmm","1978457564091154601","","","in","","0","0","0","https://x.com/undefined/status/1978457564091154601","2539124148",
"1978456763339767915","Wed Oct 15 13:43:44 +0000 2025","0","worth it banget langganan biznet jujur banyak promo nya kyk beli kuota bisa pilih tiap bulan","1978456763339767915","","","in","","0","1","0","https://x.com/undefined/status/1978456763339767915","1176509918108454912",
"1978425011271585854","Wed Oct 15 11:37:34 +0000 2025","0","brah biznet.. pas banget mau stream malah gini https://t.co/kEwol2uoR5","1978425011271585854","https://pbs.twimg.com/media/G3THCE8a4AAFL2w.png","","in","","0","2","0","https://x.com/undefined/status/1978425011271585854","1162043310",
"1978383010438299985","Wed Oct 15 08:50:40 +0000 2025","0","biznet or indihome ya ","1978383010438299985","","","tl","","0","1","0","https://x.com/undefined/status/1978383010438299985","1223058622780854272",
"1978375510225723830","Wed Oct 15 08:20:52 +0000 2025","0","Mari kita bandingkan indihome first media dan biznet https://t.co/Wj0pkC76av","1978375510225723830","https://pbs.twimg.com/media/G3SaCgOacAERLqu.jpg","","tl","","0","1","0","https://x.com/undefined/status/1978375510225723830","1437960988486029316",
"1978354578056749379","Wed Oct 15 06:57:42 +0000 2025","0","https://t.co/de6AQpDJIf","1978354578056749379","","","zxx","","0","0","0","https://x.com/undefined/status/1978354578056749379","1193199328191504385",
"1978299545726443838","Wed Oct 15 04:22:43 +0000 2025","0","@beomtiyu emg knp sales biznet... apakah judes...","1978315578138870055","","beomtiyu","in","","0","1","0","https://x.com/undefined/status/1978315578138870055","1815585630107357184",
"1978311574155575395","Wed Oct 15 04:06:49 +0000 2025","0"," Kini kamu bisa menikmati tontonan digital tanpa khawatir pelanggaran hak siar. Termasuk IndiHome TV MNC Play Biznet IPTV hingga First Media X1. https://t.co/A1KRqojOCZ #IPTV #Komdigi #StreamingLegal #IndiHomeTV #MNCPlay #BiznetIPTV #DigitalIndonesia https://t.co/lAT6vHRVUA","1978311574155575395","https://pbs.twimg.com/media/G3Rf5J_WcAAqA1N.jpg","","in","","0","0","0","https://x.com/undefined/status/1978311574155575395","615964857",
"1978299545726443838","Wed Oct 15 03:39:27 +0000 2025","0","@beomtiyu @hueningna knp ga biznet ajah.... ","1978304686554784125","","beomtiyu","in","","0","1","0","https://x.com/undefined/status/1978304686554784125","1815585630107357184",
"1978296778383389031","Wed Oct 15 03:08:01 +0000 2025","0","Ready 1 kamar kos cowo. Ac kmd luar 890rb aja. Strategis bgt di mulawarman raya. Internet free unlimited pake biznet. Minat chat aja : https://t.co/TPf14VFUda","1978296778383389031","","","in","","0","0","0","https://x.com/undefined/status/1978296778383389031","1669496380514263041",
"1978278005324562557","Wed Oct 15 02:03:52 +0000 2025","0","@SmgMenfess Biznet tapi cari promoan","1978280633190211653","","SmgMenfess","in","","0","0","0","https://x.com/undefined/status/1978280633190211653","1934818299042516993",
"1978278005324562557","Wed Oct 15 01:56:10 +0000 2025","0","@SmgMenfess Biznet My Republic","1978278694515793986","","SmgMenfess","en","","0","0","0","https://x.com/undefined/status/1978278694515793986","286505005",
"1978169336712876241","Tue Oct 14 18:44:28 +0000 2025","2","@kakashiii111 Since the beginning of internet Porn has been the most easy profitable biznet","1978170053603315950","","kakashiii111","en","","0","1","0","https://x.com/undefined/status/1978170053603315950","1810614012645888000",
"1978115300819189823","Tue Oct 14 15:24:57 +0000 2025","0","@totoropggyfeels Biznet","1978119846895251700","","totoropggyfeels","hu","","0","0","0","https://x.com/undefined/status/1978119846895251700","1762098297131638784",
"1978115300819189823","Tue Oct 14 15:12:02 +0000 2025","0","@totoropggyfeels biznet","1978116596481601814","","totoropggyfeels","hu","","0","0","1","https://x.com/undefined/status/1978116596481601814","1678648376513167360",
"1978115300819189823","Tue Oct 14 15:10:28 +0000 2025","0","@totoropggyfeels Biznet","1978116199410999625","","totoropggyfeels","hu","","0","0","0","https://x.com/undefined/status/1978116199410999625","1557866760631570432",
"1978115300819189823","Tue Oct 14 15:09:15 +0000 2025","0","@totoropggyfeels Biznet","1978115892983546294","","totoropggyfeels","hu","","0","0","0","https://x.com/undefined/status/1978115892983546294","1091596193723953157",
"1978115300819189823","Tue Oct 14 15:08:57 +0000 2025","0","@totoropggyfeels Biznet","1978115820283703783","","totoropggyfeels","hu","","0","0","0","https://x.com/undefined/status/1978115820283703783","1628015530996269056",
"1978104969032077455","Tue Oct 14 14:25:50 +0000 2025","0","gw kan gunain apk X buat lapor gamgguan sebelum ganti biznet kan indi home.. iseng tuh tadi barusan aja ke timelin indihome.. komentarnya subhanaAllah.. wk","1978104969032077455","","","in","","0","0","0","https://x.com/undefined/status/1978104969032077455","924236024607313920",
"1978086512576102575","Tue Oct 14 14:04:48 +0000 2025","0","@lisablekpingzz biznet juga? pdhal aku mw pindah biznet","1978099675736543418","","lisablekpingzz","in","","0","1","0","https://x.com/undefined/status/1978099675736543418","1969966551706333184",
"1978086512576102575","Tue Oct 14 13:34:02 +0000 2025","0","@lisablekpingzz iya anjir capek banget sama Biznet apalagi kalo malem cuma berharap ga DC pas udah summit ","1978091933374247348","","lisablekpingzz","in","","0","1","0","https://x.com/undefined/status/1978091933374247348","1973104383979298817",
"1978086512576102575","Tue Oct 14 13:12:30 +0000 2025","1","0ake biznet juga gini","1978086512576102575","","","in","","0","2","0","https://x.com/undefined/status/1978086512576102575","1904749197271928832",
"1975925433045590386","Tue Oct 14 11:54:21 +0000 2025","0","@aksarabetakata @tanyakanrl kqkk maaf kamu adaaa kontak resmi biznet nyaa gaa","1978066844847141315","","aksarabetakata","in","","0","1","0","https://x.com/undefined/status/1978066844847141315","1374539438517145605",
"1978053612690657352","Tue Oct 14 11:33:09 +0000 2025","0","@naughtyrrabbit biznet onerepublic jujur ga tau lgi klo yg lain tpi dua ini bagus aku pribadi pake biznet yg 50mbps bagus udh dapet fitur 4G 5G tpi yg 5G lebih pendek jangkauan wifi nya jangkauan 4G nya menurut aku jauh banget walaupun cuma 1 bar tetep cepet","1978061512137740604","","naughtyrrabbit","in","","0","1","0","https://x.com/undefined/status/1978061512137740604","1297683630777438208",
"1978055146912223556","Tue Oct 14 11:07:52 +0000 2025","0","Sambut HUT ke-25 Biznet Tegaskan Komitmen Layanan Internet Andal https://t.co/r0hzsY0yLs","1978055146912223556","","","in","","0","0","0","https://x.com/undefined/status/1978055146912223556","1314063532632072192",
"1978020364522266718","Tue Oct 14 08:49:39 +0000 2025","0","Ready 1 kamar kos cowo. Ac kmd luar 890rb aja. Strategis bgt di mulawarman raya. Internet free unlimited pake biznet. Minat chat aja : https://t.co/TPf14VFUda","1978020364522266718","","","in","","0","0","0","https://x.com/undefined/status/1978020364522266718","1669496380514263041",
"1978008861333459450","Tue Oct 14 08:30:04 +0000 2025","0","@ka_Candra Biznet: Pilih karena kecepatan tinggi (hingga 200Mbps) stabil di Tangerang (menang award Opensignal 2024-2025) CS 24/7 responsif. Tidak pilih karena kontrak panjang (24 bulan) penalty terminasi Rp2.750.000 jika berhenti dini harga mulai Rp275rb. MyRepublic: Pilih karena","1978015438421512576","","ka_Candra","in","","0","0","0","https://x.com/undefined/status/1978015438421512576","1720665183188922368",
"1978008861333459450","Tue Oct 14 08:29:26 +0000 2025","0","@grok oke berikan pertimbangan untuk memilih dan tidak dari masing-masing provider Biznet dan MyRepublic.","1978015278526083453","","grok","in","","0","1","0","https://x.com/undefined/status/1978015278526083453","68346768",
"1978008861333459450","Tue Oct 14 08:26:58 +0000 2025","0","@ka_Candra Ya berdasarkan info dari situs seperti Cermati dan Berakal (2023-2025) Biznet mengenakan penalty Rp2.750.000 jika terminasi sebelum masa kontrak minimal (24 bulan untuk rumah 6 bulan untuk apartemen). Harus kembalikan perangkat. Cek detail terkini di situs resmi Biznet atau","1978014654808076321","","ka_Candra","in","","0","1","0","https://x.com/undefined/status/1978014654808076321","1720665183188922368",
"1978008861333459450","Tue Oct 14 08:26:02 +0000 2025","0","@grok untuk biznet apakah dikenakan penalty semacam ini juga?","1978014421252251887","","grok","in","","0","1","0","https://x.com/undefined/status/1978014421252251887","68346768",
"1978008861333459450","Tue Oct 14 08:05:11 +0000 2025","0","@ka_Candra Berdasarkan review terkini (2023-2025) dari Opensignal forum seperti Reddit dan user di Tangerang untuk Ciledug saya sarankan Biznet atau First Media. Biznet unggul kecepatan (hingga 200Mbps) stabil CS 24/7 cepat tanggap gangguan. First Media bagus kestabilan minim putus","1978009175210000668","","ka_Candra","in","","0","1","0","https://x.com/undefined/status/1978009175210000668","1720665183188922368",
"1978008407950184796","Tue Oct 14 08:02:08 +0000 2025","0","nih Biznet lagi kenapa dah tumben tumben ngelag lama","1978008407950184796","","","in","","0","1","0","https://x.com/undefined/status/1978008407950184796","1311602516174368768",
"1977969833137623478","Tue Oct 14 07:58:17 +0000 2025","0","@ezra_dewangga @nichotaxz @BiznetHome Bisa belum bang biznet mu??","1978007436679331949","","ezra_dewangga","in","","0","0","0","https://x.com/undefined/status/1978007436679331949","1259158133865209856",
"1978006815226077642","Tue Oct 14 07:55:48 +0000 2025","0","@BiznetHome biznet lagi gangguan? kok lampunya merah yaaa","1978006815226077642","","BiznetHome","in","","0","1","0","https://x.com/undefined/status/1978006815226077642","1902583361178423296",
"1977988170500473271","Tue Oct 14 06:41:43 +0000 2025","0","di sini ada yang pake biznet ga? mau pasang tapi maju mundur","1977988170500473271","","","in","","0","2","0","https://x.com/undefined/status/1977988170500473271","1828432999865798656",
"1977969833137623478","Tue Oct 14 05:28:51 +0000 2025","0","@BiznetHome min mau nanya biznet area solo baru sukoharjo apa barusan down ya? Tiba2 disconnected dan LOS di modemnya nyala warna merah","1977969833137623478","","BiznetHome","in","","0","3","0","https://x.com/undefined/status/1977969833137623478","536232250",
"1977649229150765238","Tue Oct 14 05:16:30 +0000 2025","0","@dnxnaa Biznet here kak hrga lebih bersaing pelayanan lebih oke","1977966722608189525","","dnxnaa","in","","0","0","0","https://x.com/undefined/status/1977966722608189525","1212350861013221376",
"1977961437633880347","Tue Oct 14 04:55:30 +0000 2025","1","Thank you Biznet Gio Cloud for joining the Partner Program on VPSMetrics! https://t.co/7EfzzU4bqP","1977961437633880347","https://pbs.twimg.com/media/G3MhcVsWYAAQVu7.jpg","","en","","0","0","0","https://x.com/undefined/status/1977961437633880347","1330546824445382657",
"1977935905219584450","Tue Oct 14 03:14:02 +0000 2025","0","Ready 1 kamar kos cowo. Ac kmd luar 890rb aja. Strategis bgt di mulawarman raya. Internet free unlimited pake biznet. Minat chat aja : https://t.co/TPf14VGs2I","1977935905219584450","","","in","","0","0","0","https://x.com/undefined/status/1977935905219584450","1669496380514263041",
"1977921380638445634","Tue Oct 14 02:16:19 +0000 2025","0","Day 2 biznet mati","1977921380638445634","","","ht","","0","0","0","https://x.com/undefined/status/1977921380638445634","1286330458502918144",
"1977901336373977337","Tue Oct 14 00:56:40 +0000 2025","0","biznet udah 2 hari ye jaringan lu ngaco banget","1977901336373977337","","","in","","0","0","0","https://x.com/undefined/status/1977901336373977337","1573664297607364610",
"1977898718192861516","Tue Oct 14 00:46:16 +0000 2025","0","nos les basta con los cafés los talks los eventos q vamos a tener del mundial y los biznet Y NOS VAN A PONER OTRO CHSM","1977898718192861516","","","es","","0","0","0","https://x.com/undefined/status/1977898718192861516","1261811891535581186",
"1977893663834308661","Tue Oct 14 00:26:11 +0000 2025","0","jaringan biznet jelek banget dari kemaren","1977893663834308661","","","in","","0","0","0","https://x.com/undefined/status/1977893663834308661","1975248557151256576",
"1977881737431789817","Mon Oct 13 23:38:48 +0000 2025","0","biznet kontol","1977881737431789817","","","ht","","0","0","0","https://x.com/undefined/status/1977881737431789817","1037149618339897344",
"1977804201498743169","Mon Oct 13 20:09:16 +0000 2025","0","biznet 1 @IndiHome 0 https://t.co/zlXZEysOyV","1977829006415474956","https://pbs.twimg.com/media/G3Ko_swbcAA8XuC.jpg","bstrdrice","hu","","1","0","0","https://x.com/undefined/status/1977829006415474956","1139791012274950145",
"1977766161363415520","Mon Oct 13 15:59:32 +0000 2025","0","Biznet lg anj bgt dahh seminggu ga bener2 nih internet rugi woi mana gaada kompensasi","1977766161363415520","","","in","","0","0","0","https://x.com/undefined/status/1977766161363415520","1153339735886032897",
"1977726138257432759","Mon Oct 13 14:55:39 +0000 2025","0","@arrrvins jual rumah pasang biznet","1977750084092588544","","arrrvins","in","","0","0","0","https://x.com/undefined/status/1977750084092588544","1496038490295123969",
"1977746170672787684","Mon Oct 13 14:40:06 +0000 2025","0","Biznet rto pas lagi dibutuhin mulu astagfirullah capek gua beneran lama lama","1977746170672787684","","","in","","0","0","0","https://x.com/undefined/status/1977746170672787684","80299438",
"1977733497818141146","Mon Oct 13 13:49:45 +0000 2025","0","Biznet nih apaan dah setiap bulan pasti ada aja gangguan nya","1977733497818141146","","","in","","0","0","0","https://x.com/undefined/status/1977733497818141146","513143920",
"1977727207842660737","Mon Oct 13 13:24:45 +0000 2025","1","Biznet home tu kalo sisa 2 minggu sebelum harus perpanjang emang jadi lemot ya? Kenapa gitu ya? Kan masi sisa banyak kuotanya (4000GB???) kenapa internetnya putus2??","1977727207842660737","","","in","","0","0","0","https://x.com/undefined/status/1977727207842660737","1154923689881636864",
"1977705176178851907","Mon Oct 13 12:00:27 +0000 2025","0","@ekkydimas13 Aku tau kok! Beberapa provider internet yg cover Rangkapan Jaya Depok (berdasar data terbaru): 1. IndiHome: Pros: Coverage luas harga mulai 200rb-an include TV. Cons: CS kadang lambat koneksi sesekali ngadat. 2. Biznet: Pros: Super cepat &amp; stabil (award-winning) bagus buat","1977705993812443166","","ekkydimas13","in","","0","0","0","https://x.com/undefined/status/1977705993812443166","1720665183188922368",
"1977700524112621651","Mon Oct 13 11:38:43 +0000 2025","0","biznet aneh banget dih","1977700524112621651","","","in","","0","0","0","https://x.com/undefined/status/1977700524112621651","1210864852920438785",
"1977692708304273884","Mon Oct 13 11:07:40 +0000 2025","0","kalo ditanya penyesalan 2025 lo apa perpanjang biznet 17 bulan","1977692708304273884","","","in","","0","0","0","https://x.com/undefined/status/1977692708304273884","597088909",
"1977677344023409045","Mon Oct 13 10:06:36 +0000 2025","0","biznet kontol","1977677344023409045","","","ht","","0","0","1","https://x.com/undefined/status/1977677344023409045","1766080704830750720",
"1977668469492740191","Mon Oct 13 09:32:51 +0000 2025","1","@berpeIukan Berdasarkan info terkini 2025 provider WiFi lancar minim lemot di daerah Moch Toha Bandung: MyRepublic (fiber unlimited stabil mulai Rp200rb/bln coverage bagus berdasar ulasan lokal) IndiHome (luas jaringan cepat up to 100Mbps) Biznet (anti buffering no FUP). Alternatif:","1977668847772823572","","berpeIukan","in","","0","0","0","https://x.com/undefined/status/1977668847772823572","1720665183188922368",
"1977667972228649208","Mon Oct 13 09:29:22 +0000 2025","1","Biznet Rayakan 25 Tahun Fokus Perluas Jaringan Digital hingga Seluruh Batam dan Kepri #biznet #digital #batam #kepri https://t.co/YaZqAdt9pS","1977667972228649208","","","in","","0","0","0","https://x.com/undefined/status/1977667972228649208","60490875",
"1977662488092283215","Mon Oct 13 09:12:45 +0000 2025","1","@ourigl @IndiHome drpd lu nungguin indipler mending coba tanya salah satunya nih biznet myrepublic mncplay dan first media jon","1977663792348897523","","ourigl","in","","0","1","0","https://x.com/undefined/status/1977663792348897523","1081999515979116544",
"1977657793453895780","Mon Oct 13 08:48:55 +0000 2025","0","iconnet gabisa bayar per bulan. firstmedia lelet responnye. myrep biznet hifi ga cover area rumah. berasa tinggal di pucuk gunung bziinkkkkk","1977657793453895780","","","in","","0","1","0","https://x.com/undefined/status/1977657793453895780","995884824521981952",
"1977614738080333824","Mon Oct 13 05:57:50 +0000 2025","1","Saran wifi yg bagus di makassar dong? Udah capek bgt sama biznet","1977614738080333824","","","in","","0","3","0","https://x.com/undefined/status/1977614738080333824","756284395800047616",
"1977598132121710957","Mon Oct 13 05:02:22 +0000 2025","0","@ngalamfess Punjul sitik dapet biznet","1977600779587592381","","ngalamfess","in","","0","1","0","https://x.com/undefined/status/1977600779587592381","1154811870504554496",
"1977581758372851946","Mon Oct 13 03:46:47 +0000 2025","0","Seperempat abad Biznet membangun ekosistem internet di Indonesia https://t.co/tRjEfgdMid","1977581758372851946","","","in","","0","0","0","https://x.com/undefined/status/1977581758372851946","410485110",
"1977579251147936245","Mon Oct 13 03:36:49 +0000 2025","0","ini outlook ada masalah apa sama biznet. lemot bat ajg","1977579251147936245","","","in","","0","0","0","https://x.com/undefined/status/1977579251147936245","885491422920441856",
"1977577380857475296","Mon Oct 13 03:29:23 +0000 2025","0","Ready 1 kamar kos cowo akhir september nanti. Ac kmd luar 890rb aja. Strategis bgt di mulawarman raya. Internet free unlimited pake biznet. Minat chat aja : https://t.co/TPf14VGs2I","1977577380857475296","","","in","","0","0","0","https://x.com/undefined/status/1977577380857475296","1669496380514263041",
"1977571676847022275","Mon Oct 13 03:06:43 +0000 2025","0","An interconnection of 10Gbps capacity for Biznet Networks has been removed at DE-CIX ASEAN","1977571676847022275","","","en","","0","0","0","https://x.com/undefined/status/1977571676847022275","1536432373956374528",
"1977413845569392964","Mon Oct 13 00:23:21 +0000 2025","0","@m0neamour Biznet dah cobain","1977530564094939316","","m0neamour","in","","0","0","0","https://x.com/undefined/status/1977530564094939316","261626312",
"1977439381163221205","Sun Oct 12 18:21:02 +0000 2025","0","Owalah Biznet jam2 tolol","1977439381163221205","","","in","","0","0","0","https://x.com/undefined/status/1977439381163221205","1711347440325120000",
"1977403094276399301","Sun Oct 12 15:56:50 +0000 2025","0","biznet ngajak ributnya ada bgt ajg","1977403094276399301","","","in","","0","0","0","https://x.com/undefined/status/1977403094276399301","1940962426671058947",
"1977288458420076973","Sun Oct 12 14:46:34 +0000 2025","0","@_gakuq tergantung tempat km byy di tempatku paling ok indihum biznet ok juga sih tp suka gangguan","1977385411958784488","","_gakuq","in","","0","1","0","https://x.com/undefined/status/1977385411958784488","1930975210154733568",
"1977215442432541038","Sun Oct 12 13:54:22 +0000 2025","0","@Creamiysyub Biznet coba","1977372272382935134","","Creamiysyub","pl","","0","0","0","https://x.com/undefined/status/1977372272382935134","1960966182099681280",
"1977306737381363745","Sun Oct 12 11:50:40 +0000 2025","0","@Mizlle25 @kitcateskrim @IndiHome @IndiHomeCare @grok @Biznet @Mizlle25 Duhh maafin ya kak. Boleh Remi konfirmasi dulu apakah kakak terkendala koneksi IndiHome-nya Kak? kalo iya tolong infoin nomor IndiHome beserta nama pemiliknya ke DM buat dibantu cek lebih lanjut ya. Makasih -Remi","1977341141659091308","","Mizlle25","in","","0","0","0","https://x.com/undefined/status/1977341141659091308","255409050",
"1977306737381363745","Sun Oct 12 11:47:30 +0000 2025","0","@Mizlle25 @kitcateskrim @Telkomsel @IndiHome @IndiHomeCare @Biznet Berdasarkan data nPerf dan OpenSignal 2025 Biznet punya performa fixed broadband terbaik di Indonesia termasuk keandalan dan latency rendah yang cocok buat gaming. IndiHome bagus dengan fiber optic (latency &lt;10ms) tapi Biznet sering unggul di awards. Cek coverage dan tes speed","1977340346368729273","","Mizlle25","in","","0","0","0","https://x.com/undefined/status/1977340346368729273","1720665183188922368",
"1977306737381363745","Sun Oct 12 11:46:56 +0000 2025","0","@kitcateskrim @Telkomsel @IndiHome @IndiHomeCare @grok mending @indihome apa @biznet grokk buat gaming","1977340204085342613","","kitcateskrim","in","","0","2","0","https://x.com/undefined/status/1977340204085342613","1522925482144108548",
"1977334962673299679","Sun Oct 12 11:26:06 +0000 2025","2","Cara pasang Biznet gimana guys siapa tau lagi ada promo","1977334962673299679","","","in","","0","0","0","https://x.com/undefined/status/1977334962673299679","977317625502998528",
"1977331489496043805","Sun Oct 12 11:12:18 +0000 2025","0","tolong la provider wifi Indihome Firstmedia Iconnet Oxygen Biznet masuk ke Ciseeng Daerah Cibeuteung Muara. Muak sama Rocknet &amp; Myrepublic","1977331489496043805","","","tl","","0","1","0","https://x.com/undefined/status/1977331489496043805","752638559056605184",
"1977323801382907971","Sun Oct 12 10:41:46 +0000 2025","0","Mobile is telkomsel Axis Im3. Fixed is indihome myrepublic biznet. Harga fixed broadband wajar lebih mahal di indonesia (relatif negara asean lain) karena costnya pun lebih mahal e.g. tarik fiber di indo lebih challenging esp di daerah-","1977323805312999433","","tarralau","in","","0","1","0","https://x.com/undefined/status/1977323805312999433","1005879904100016128",
"1977302731863073108","Sun Oct 12 09:18:02 +0000 2025","0","Bayar berapa biznet","1977302731863073108","","","in","","0","0","0","https://x.com/undefined/status/1977302731863073108","145923870",
"1977296554139795684","Sun Oct 12 08:53:29 +0000 2025","0","biznet? so far oke sih latency nya juga kenceng single digit under 10ms","1977296554139795684","","","in","","0","0","0","https://x.com/undefined/status/1977296554139795684","1408845941604454400",
"1977295697532842362","Sun Oct 12 08:51:24 +0000 2025","0","@wriothealey bukann aku biznet","1977296031189803024","","wriothealey","in","","0","0","0","https://x.com/undefined/status/1977296031189803024","1605943364352081920",
"1977293074826191280","Sun Oct 12 08:39:40 +0000 2025","0","bapuk bgt biznet udah 2 hari trouble trus","1977293074826191280","","","in","","0","0","0","https://x.com/undefined/status/1977293074826191280","1586958763281436672",
"1977274232301322358","Sun Oct 12 07:24:47 +0000 2025","0","rekom wifi yang worth it dong asal jangan biznet tadi nanya buat wilayah aku gak bisa","1977274232301322358","","","in","","0","1","0","https://x.com/undefined/status/1977274232301322358","1271706384938094592",
"1975964158538776636","Sun Oct 12 07:23:12 +0000 2025","0","@BiznetHome @Rasyidiilham_ @BiznetHome mau sampe kapan y refund dana saya sampe sekarang gak masuk masuk...apapula instalasi Biznet bayar di awal... rupanya gak bisa pasang jadi kerjaan saya ja","1977273834974986498","","BiznetHome","in","","0","1","0","https://x.com/undefined/status/1977273834974986498","2882253949",
"1977225968843735431","Sun Oct 12 07:17:26 +0000 2025","0","@crobffles wifiku biznet jugaa. kayaknya wifi wifi pada gak kuat kah","1977272384194523458","","crobffles","in","","0","1","0","https://x.com/undefined/status/1977272384194523458","1414144579247382531",
"1976946610639941876","Sun Oct 12 05:56:07 +0000 2025","0","@vnshrn katanya bermasalah jg :/ tp so far agak better biznettt ya????? biznet kantrnya dkt rmh ak kebetulan ceee wkwkwk","1977251916142067741","","vnshrn","in","","0","0","0","https://x.com/undefined/status/1977251916142067741","1262294380129337344",
"1977235306014257366","Sun Oct 12 05:21:08 +0000 2025","0","@mjktfess biznet","1977243113610744300","","mjktfess","hu","","0","0","0","https://x.com/undefined/status/1977243113610744300","1167680167872843776",
"1977200730198229285","Sun Oct 12 02:32:43 +0000 2025","0","biznet pas udah bisa dipasang lagi alhamdulillah bgt pas ada promo speednya jadi 2 kali lipat ini wkwkw dulu pake indihome maksimal cuma 2 2 MB/s bulan ini krn ada promo biznet gw tembus di 45 MB/s","1977200730198229285","","","in","","0","0","0","https://x.com/undefined/status/1977200730198229285","1257741000920854529",
"1977165037669384343","Sun Oct 12 02:01:25 +0000 2025","0","@nightplacess Biznet biznet","1977192853676892425","","nightplacess","hu","","0","0","0","https://x.com/undefined/status/1977192853676892425","1752326611121381376",
"1976984558571819504","Sun Oct 12 00:43:05 +0000 2025","0","@dzaki_Alfan @IndiHome @IndiHomeCare Iya deh kyknya ganti Biznet nnti coba aku cek","1977173142260081150","","dzaki_Alfan","in","","0","0","0","https://x.com/undefined/status/1977173142260081150","977317625502998528",
"1977172066156921108","Sun Oct 12 00:38:49 +0000 2025","0","@BiznetHome halo kak. Apa biznet daerah bogor lg error? Terima kasih","1977172066156921108","","BiznetHome","in","","0","1","0","https://x.com/undefined/status/1977172066156921108","112339253",
"1976843597459652666","Sat Oct 11 17:17:22 +0000 2025","0","@roblox_fess pake biznet ","1977060970423107884","","roblox_fess","tl","","0","0","0","https://x.com/undefined/status/1977060970423107884","1392143588729839622",
"1977038061373735027","Sat Oct 11 15:46:20 +0000 2025","0","Biznet knp lemot bgt sih anjjjjj","1977038061373735027","","","in","","0","0","0","https://x.com/undefined/status/1977038061373735027","1257155914139791360",
"1976935812957626743","Sat Oct 11 12:27:47 +0000 2025","0","@KukoGemaz @ARSIPAJA Berdasarkan data terkini (2025) berikut provider internet teratas per negara dari gambar: - Indonesia: IndiHome (Telkom) Biznet MyRepublic - Filipina: Converge ICT PLDT Globe Telecom - Malaysia: TIME TM Unifi Maxis - Vietnam: Viettel FPT VNPT - Singapura: Singtel ","1976988098371387887","","KukoGemaz","in","","0","0","0","https://x.com/undefined/status/1976988098371387887","1720665183188922368",
"1976975977038463474","Sat Oct 11 12:08:25 +0000 2025","1","@syithappend @syithappend Hai Kak. Terima kasih atas apresiasinya ya. Selamat menggunakan layanan Biznet nya kembali. Tks ^oct","1976983223914975549","","syithappend","in","","0","1","0","https://x.com/undefined/status/1976983223914975549","304822906",
"1976843597459652666","Sat Oct 11 11:48:40 +0000 2025","0","@roblox_fess Sejauh ini firstmedia my republic sama biznet","1976978250686775544","","roblox_fess","in","","0","0","0","https://x.com/undefined/status/1976978250686775544","929130348637601792",
"1976843597459652666","Sat Oct 11 11:38:07 +0000 2025","0","@noirdenuiit @roblox_fess Biznet nyaman dipake roblox kenceng parahhhhhh","1976975597277765762","","noirdenuiit","tl","","0","0","0","https://x.com/undefined/status/1976975597277765762","1756960312828493824",
"1976946610639941876","Sat Oct 11 11:19:50 +0000 2025","0","@bellybellzsxn biznet okay ceh","1976970994540855306","","bellybellzsxn","ht","","0","1","0","https://x.com/undefined/status/1976970994540855306","1160829665772072961",
"1976959834374521084","Sat Oct 11 10:53:02 +0000 2025","1","@MajesticAaratee Impressive hustle at 19 diving into NGO work with Sarso Biznet International and selling American Express cards at Globiva that demands real grit and sales savvy. Those early wins built the foundation for your government exam successes from 2024-2025. What skills from that era","1976964252545302850","","MajesticAaratee","en","","0","1","1","https://x.com/undefined/status/1976964252545302850","1720665183188922368",
"1976959834374521084","Sat Oct 11 10:52:44 +0000 2025","1","@grok Within Aaratee's Journey Let me clarify one thing. When Aaratee was 19 years old Aaratee became a part of NGO ORGANIZATION NAMED SARSO BIZNET INTERNATIONAL PVT LIMITED. Aaratee has sold out many credit cards of American Express as a Salesperson within Globiva Company.","1976964174262714404","","grok","en","","0","1","0","https://x.com/undefined/status/1976964174262714404","1874526780989878272",
"1976843597459652666","Sat Oct 11 10:40:39 +0000 2025","0","@noirdenuiit @roblox_fess pake biznet kak","1976961136320008505","","noirdenuiit","tl","","0","1","0","https://x.com/undefined/status/1976961136320008505","1756960312828493824",
"1976953844065255566","Sat Oct 11 10:11:41 +0000 2025","1","biznet kont","1976953844065255566","","","ht","","0","0","0","https://x.com/undefined/status/1976953844065255566","1037149618339897344",
"1976941808019194256","Sat Oct 11 09:23:51 +0000 2025","0","Kenapa setelah perbaikan jaringan @MyRepublic speed internetnya making lemot yah. Udah complain juga belum ada perbaikan statusnya masih proses terus. Apa mending ganti provider aja yah? Biznet atau Indihome lebih bagus mana yah?","1976941808019194256","","","in","","0","1","0","https://x.com/undefined/status/1976941808019194256","86844964",
"1976937392180543863","Sat Oct 11 09:06:18 +0000 2025","1","BIZNET BISA NGELOSS???!!! WTH??!!","1976937392180543863","","","tl","","0","0","0","https://x.com/undefined/status/1976937392180543863","1272528851332186114",
"1976924116889616655","Sat Oct 11 08:41:51 +0000 2025","1","@imrenagi @lynxluna cloud provider lokal self-serve yg bisa provide API &amp; private network setau gw biznet gio mas. running on top of openstack. cc om @dondyb","1976931239392428171","","imrenagi","en","","0","1","1","https://x.com/undefined/status/1976931239392428171","72986033",
"1976843597459652666","Sat Oct 11 08:02:02 +0000 2025","0","@roblox_fess Team biznet mantap bgt","1976921217321124205","","roblox_fess","in","","0","0","0","https://x.com/undefined/status/1976921217321124205","896770968",
"1976900982539010227","Sat Oct 11 06:41:37 +0000 2025","0","real gw harus ganti provide wifi nih biznet lemot bgt bjiirrr~","1976900982539010227","","","in","","0","2","0","https://x.com/undefined/status/1976900982539010227","349662930",
"1976889563303100712","Sat Oct 11 05:56:15 +0000 2025","1","@BiznetHome 14 JAM LOS MERAH wowww amaziiiing beautiful memang cuma biznet yang bisa bikin gangguan koneksi belasan jam masih ga ada tindak lanjut. #biznet #pakaibiznet faster! Faster darah tingginya!!! https://t.co/19IQ4byUtl","1976889563303100712","https://pbs.twimg.com/media/G29SMWqagAAnGIf.jpg","BiznetHome","in","","0","0","0","https://x.com/undefined/status/1976889563303100712","2964790958",
"1840909812496023898","Sat Oct 11 05:51:55 +0000 2025","0","@bubblechizu @uniquehuman20 halo kakk biznet baguss kahh?","1976888474826686908","","bubblechizu","tl","","0","0","0","https://x.com/undefined/status/1976888474826686908","1562740528898117632",
"1976662249189351771","Sat Oct 11 05:45:28 +0000 2025","1","@BiznetHome 14 jam dan masih mati. Ini bangkrut apa gimana sih biznet? Jangan lomba lari mulu dipromosiin jor joran tapi KALIAN MALAH LARI DARI TANGGUNG JAWAB KE PELANGGAN.","1976886848430698808","","BiznetHome","in","","0","1","0","https://x.com/undefined/status/1976886848430698808","2964790958",
"1976883388092133838","Sat Oct 11 05:31:43 +0000 2025","0","Biznet lagi baek https://t.co/Ci6rlnr0Yj","1976883388092133838","https://pbs.twimg.com/media/G29M9s_aEAAOvBn.jpg","","tl","","0","1","0","https://x.com/undefined/status/1976883388092133838","1425023396266475520",
